old_name,old_pcode_ps,new_name,new_pcode,effective_from,legal_basis,source_aliases
An Giang,VN805,An Giang,VN91,2025-07-01,NQ 202/2025/QH15,AN GIANG
Ba Ria - Vung Tau,VN717,Ho Chi Minh city,VN79,2025-07-01,NQ 202/2025/QH15,BA RIA-VUNG TAU
Bac Giang,VN221,Bac Ninh,VN24,2025-07-01,NQ 202/2025/QH15,BAC GIANG
Bac Kan,VN207,Thai Nguyen,VN19,2025-07-01,NQ 202/2025/QH15,BAC KAN
Bac Lieu,VN821,Ca Mau,VN96,2025-07-01,NQ 202/2025/QH15,BAC LIEU
Bac Ninh,VN106,Bac Ninh,VN24,2025-07-01,NQ 202/2025/QH15,BAC NINH
Ben Tre,VN811,Vinh Long,VN86,2025-07-01,NQ 202/2025/QH15,BEN TRE
Binh Dinh,VN507,Gia Lai,VN52,2025-07-01,NQ 202/2025/QH15,BINH DINH
Binh Duong,VN711,Ho Chi Minh city,VN79,2025-07-01,NQ 202/2025/QH15,BINH DUONG
Binh Phuoc,VN707,Dong Nai,VN75,2025-07-01,NQ 202/2025/QH15,BINH PHUOC
Binh Thuan,VN715,Lam Dong,VN68,2025-07-01,NQ 202/2025/QH15,BINH THUAN
Ca Mau,VN823,Ca Mau,VN96,2025-07-01,NQ 202/2025/QH15,CA MAU
Can Tho city,VN815,Can Tho city,VN92,2025-07-01,NQ 202/2025/QH15,CAN THO CITY
Cao Bang,VN203,Cao Bang,VN04,2025-07-01,NQ 202/2025/QH15,CAO BANG
Da Nang city,VN501,Da Nang city,VN48,2025-07-01,NQ 202/2025/QH15,DA NANG CITY
Dak Lak,VN605,Dak Lak,VN66,2025-07-01,NQ 202/2025/QH15,DAK LAK
Dak Nong,VN606,Lam Dong,VN68,2025-07-01,NQ 202/2025/QH15,DAK NONG
Dien Bien,VN302,Dien Bien,VN11,2025-07-01,NQ 202/2025/QH15,DIEN BIEN
Dong Nai,VN713,Dong Nai,VN75,2025-07-01,NQ 202/2025/QH15,DONG NAI
Dong Thap,VN803,Dong Thap,VN82,2025-07-01,NQ 202/2025/QH15,DONG THAP
Gia Lai,VN603,Gia Lai,VN52,2025-07-01,NQ 202/2025/QH15,GIA LAI
Ha Giang,VN201,Tuyen Quang,VN08,2025-07-01,NQ 202/2025/QH15,HA GIANG
Ha Nam,VN111,Ninh Binh,VN37,2025-07-01,NQ 202/2025/QH15,HA NAM
Ha Noi,VN101,Ha Noi,VN01,2025-07-01,NQ 202/2025/QH15,HA NOI CITY
Ha Tay,,Ha Noi,VN01,2008-08-01,NQ 15/2008/QH12,HA TAY
Ha Tinh,VN405,Ha Tinh,VN42,2025-07-01,NQ 202/2025/QH15,HA TINH
Hai Duong,VN107,Hai Phong city,VN31,2025-07-01,NQ 202/2025/QH15,HAI DUONG
Hai Phong city,VN103,Hai Phong city,VN31,2025-07-01,NQ 202/2025/QH15,HAI PHONG CITY
Hau Giang,VN816,Can Tho city,VN92,2025-07-01,NQ 202/2025/QH15,HAU GIANG
Ho Chi Minh city,VN701,Ho Chi Minh city,VN79,2025-07-01,NQ 202/2025/QH15,HO CHI MINH CITY
Hoa Binh,VN305,Phu Tho,VN25,2025-07-01,NQ 202/2025/QH15,HOA BINH
Hung Yen,VN109,Hung Yen,VN33,2025-07-01,NQ 202/2025/QH15,HUNG YEN
Khanh Hoa,VN511,Khanh Hoa,VN56,2025-07-01,NQ 202/2025/QH15,KHANH HOA
Kien Giang,VN813,An Giang,VN91,2025-07-01,NQ 202/2025/QH15,KIEN GIANG
Kon Tum,VN601,Quang Ngai,VN51,2025-07-01,NQ 202/2025/QH15,KON TUM
Lai Chau,VN301,Lai Chau,VN12,2025-07-01,NQ 202/2025/QH15,LAI CHAU
Lam Dong,VN607,Lam Dong,VN68,2025-07-01,NQ 202/2025/QH15,LAM DONG
Lang Son,VN209,Lang Son,VN20,2025-07-01,NQ 202/2025/QH15,LANG SON
Lao Cai,VN205,Lao Cai,VN15,2025-07-01,NQ 202/2025/QH15,LAO CAI
Long An,VN801,Tay Ninh,VN80,2025-07-01,NQ 202/2025/QH15,LONG AN
Nam Dinh,VN113,Ninh Binh,VN37,2025-07-01,NQ 202/2025/QH15,NAM DINH
Nghe An,VN403,Nghe An,VN40,2025-07-01,NQ 202/2025/QH15,NGHE AN
Ninh Binh,VN117,Ninh Binh,VN37,2025-07-01,NQ 202/2025/QH15,NINH BINH
Ninh Thuan,VN705,Khanh Hoa,VN56,2025-07-01,NQ 202/2025/QH15,NINH THUAN
Phu Tho,VN217,Phu Tho,VN25,2025-07-01,NQ 202/2025/QH15,PHU THO
Phu Yen,VN509,Dak Lak,VN66,2025-07-01,NQ 202/2025/QH15,PHU YEN
Quang Binh,VN407,Quang Tri,VN44,2025-07-01,NQ 202/2025/QH15,QUANG BINH
Quang Nam,VN503,Da Nang city,VN48,2025-07-01,NQ 202/2025/QH15,QUANG NAM
Quang Ngai,VN505,Quang Ngai,VN51,2025-07-01,NQ 202/2025/QH15,QUANG NGAI
Quang Ninh,VN225,Quang Ninh,VN22,2025-07-01,NQ 202/2025/QH15,QUANG NINH
Quang Tri,VN409,Quang Tri,VN44,2025-07-01,NQ 202/2025/QH15,QUANG TRI
Soc Trang,VN819,Can Tho city,VN92,2025-07-01,NQ 202/2025/QH15,SOC TRANG
Son La,VN303,Son La,VN14,2025-07-01,NQ 202/2025/QH15,SON LA
Tay Ninh,VN709,Tay Ninh,VN80,2025-07-01,NQ 202/2025/QH15,TAY NINH
Thai Binh,VN115,Hung Yen,VN33,2025-07-01,NQ 202/2025/QH15,THAI BINH
Thai Nguyen,VN215,Thai Nguyen,VN19,2025-07-01,NQ 202/2025/QH15,THAI NGUYEN
Thanh Hoa,VN401,Thanh Hoa,VN38,2025-07-01,NQ 202/2025/QH15,THANH HOA
Thua Thien Hue,VN411,Hue,VN46,2025-07-01,NQ 202/2025/QH15,THUA THIEN - HUE
Tien Giang,VN807,Dong Thap,VN82,2025-07-01,NQ 202/2025/QH15,TIEN GIANG
Tra Vinh,VN817,Vinh Long,VN86,2025-07-01,NQ 202/2025/QH15,TRA VINH
Tuyen Quang,VN211,Tuyen Quang,VN08,2025-07-01,NQ 202/2025/QH15,TUYEN QUANG
Vinh Long,VN809,Vinh Long,VN86,2025-07-01,NQ 202/2025/QH15,VINH LONG
Vinh Phuc,VN104,Phu Tho,VN25,2025-07-01,NQ 202/2025/QH15,VINH PHUC
Yen Bai,VN213,Lao Cai,VN15,2025-07-01,NQ 202/2025/QH15,YEN BAI
